Workbook

Sheet List sale_DIGITAL BUILDING
A1: DIGITAL BUILDING LIST
B2: INFORMATION OF LOCATION | T2: INFORMATION OF INVENTORY
A3: No. | B3: Type | C3: Report Code | E3: Name of Block | G3: Address Detail | H3: Ward | I3: City | J3: Address (cũ) | K3: District (cũ) | L3: City (cũ) | M3: Q.ty of Floor (Tổng số tầng không bao gồm tầng gửi xe) | N3: Q.ty of Apartment | O3: Resident Traffic = (số căn hộ x 3) | P3: Visitor | Q3: Traffic/week | R3: Impression/wk | S3: Q.ty of Lift | T3: DP (Digital Poster Inside Elevator) | U3: DP/LCD (Digital Poster Outside) | V3: Total thực tế | W3: Operational Status | X3: GP (Giant Poster inside) | Y3: GP (Giant Poster outside) | Z3: Utilities Area (Shopping mall, suppermarket, 24h mart, Gym, restaurant, cinema,..) | AA3: Except (brand can't advertised) | AC3: Exploitation period (Thời gian khai thác) | AD3: Other Notes | AE3: Tên nhân sự phụ trách | AG3: Confirm thông tin
A4: BUILDING IN HO CHI MINH | AE4: BD | AF4: CS | AG4: SL màn ( Cột 15,16, 17) | AH4: TT chung cư ( Cột 8,9,10,14)
A5: =ROW()-3 -> 2 | B5: AP | C5: THEDEDGEBLOCKAIRE | E5: The D'Edge Block Aire | G5: 207 Nguyễn Văn Hưởng | H5: An Khánh | I5: Hồ Chí Minh | J5: 225 Bến Chương Dương, Phường Cô Giang | K5: 1 | L5: Hồ Chí Minh | M5: 22 | N5: 145 | O5: =N5*3 -> 435 | P5: =O5*15% -> 65.25 | Q5: =SUM(O5:P5) -> 500.25 | R5: =(O5*6*7)+(P5*2*7) -> 19183.5 | S5: 7 | T5: 6 | U5: 12 | V5: =T5+U5 -> 18 | W5: ON AIR | X5: 0 | Y5: 0 | Z5: Hồ bơi | AA5: BVS, Bạo Lực, Kinh Dị, Bất động sản | AC5: Khai thác từ ngày 01/02/2026 - 31/01/2028 | AE5: Thanh Vy | AF5: Nguyên | AG5: Confirmed | AH5: Edited
A6: =ROW()-3 -> 3 | B6: AP | C6: THEDEDGEBLOCKBREZE | E6: The D'Edge Block Breze | G6: 207 Nguyễn Văn Hưởng | H6: An Khánh | I6: Hồ Chí Minh | J6: 225 Bến Chương Dương, Phường Cô Giang | K6: 1 | L6: Hồ Chí Minh | M6: 22 | N6: 128 | O6: =N6*3 -> 384 | P6: =O6*15% -> 57.6 | Q6: =SUM(O6:P6) -> 441.6 | R6: =(O6*6*7)+(P6*2*7) -> 16934.4 | S6: 7 | T6: 6 | U6: 12 | V6: =T6+U6 -> 18 | W6: ON AIR | X6: 0 | Y6: 0 | Z6: Gym | AA6: BVS, Bạo Lực, Kinh Dị, Bất động sản | AC6: Khai thác từ ngày 01/02/2026 - 31/01/2028 | AE6: Thanh Vy | AF6: Nguyên | AG6: Confirmed | AH6: Edited
A7: =ROW()-3 -> 4 | B7: AP | C7: EMPIRECITYCOVERESIDENCESTHAP1 | E7: Empire City Cove Residences - Tháp 1 | G7: 186/6A Thủ Thiêm | H7: An Khánh | I7: Hồ Chí Minh | M7: 15 | N7: 45 | O7: =N7*3 -> 135 | P7: =O7*15% -> 20.25 | Q7: =SUM(O7:P7) -> 155.25 | R7: =(O7*7*6)+(P7*7*2) -> 5953.5 | S7: 4 | T7: 4 | U7: 6 | V7: =T7+U7 -> 10 | W7: ON AIR | X7: 0 | Y7: 0 | Z7: Gym, Hồ bơi, Coffeeshop | AA7: BĐS, Bạo lực, Kinh dị, BVS | AC7: Khai thác từ ngày 1/6/2026 - 31/5/2027 | AE7: Nhiên | AF7: Nguyên | AG7: Confirmed | AH7: Edited
A8: =ROW()-3 -> 5 | B8: AP | C8: EMPIRECITYCOVERESIDENCESTHAP2 | E8: Empire City Cove Residences - Tháp 2 | G8: 186/6A Thủ Thiêm | H8: An Khánh | I8: Hồ Chí Minh | M8: 15 | N8: 91 | O8: =N8*3 -> 273 | P8: =O8*15% -> 40.95 | Q8: =SUM(O8:P8) -> 313.95 | R8: =(O8*7*6)+(P8*7*2) -> 12039.3 | S8: 5 | T8: 6 | U8: 9 | V8: =T8+U8 -> 15 | W8: ON AIR | X8: 0 | Y8: 0 | Z8: Gym, Hồ bơi, Coffeeshop | AA8: BĐS, Bạo lực, Kinh dị, BVS | AC8: Khai thác từ ngày 1/6/2026 - 31/5/2027 | AE8: Nhiên | AF8: Nguyên | AG8: Confirmed | AH8: Edited
A9: =ROW()-3 -> 6 | B9: AP | C9: THEPRIVIABLOCKA | E9: The Privia Block A | G9: 158 An Dương Vương | H9: An Lạc | I9: Hồ Chí Minh | M9: 20 | N9: 348 | O9: =N9*3 -> 1044 | P9: =O9*15% -> 156.6 | Q9: =SUM(O9:P9) -> 1200.6 | R9: =(O9*6*7)+(P9*2*7) -> 46040.4 | S9: 4 | T9: 8 | U9: 6 | V9: =T9+U9 -> 14 | W9: ON AIR | X9: 0 | Y9: 12 | Z9: Coffe Trung Nguyên, Shophouse | AA9: BVS, Bạo Lực, Kinh Dị, Bất động sản | AC9: Khai thác từ ngày 15/01/2026 - 14/01/2029 | AE9: Hà | AF9: Nguyên | AG9: Confirmed | AH9: Confirmed
A10: =ROW()-3 -> 7 | B10: AP | C10: THEPRIVIABLOCKB | E10: The Privia Block B | G10: 158 An Dương Vương | H10: An Lạc | I10: Hồ Chí Minh | M10: 20 | N10: 348 | O10: =N10*3 -> 1044 | P10: =O10*15% -> 156.6 | Q10: =SUM(O10:P10) -> 1200.6 | R10: =(O10*6*7)+(P10*2*7) -> 46040.4 | S10: 4 | T10: 8 | U10: 8 | V10: =T10+U10 -> 16 | W10: ON AIR | X10: 0 | Y10: 16 | Z10: Hồ bơi, Gym, Yoga, Đọc sách, BBQ, King Mart | AA10: BVS, Bạo Lực, Kinh Dị, Bất động sản | AC10: Khai thác từ ngày 15/01/2026 - 14/01/2029 | AE10: Hà | AF10: Nguyên | AG10: Confirmed | AH10: Confirmed
A11: =ROW()-3 -> 8 | B11: AP | C11: THEPRIVIABLOCKC | E11: The Privia Block C | G11: 158 An Dương Vương | H11: An Lạc | I11: Hồ Chí Minh | J11: 225 Bến Chương Dương, Phường Cô Giang | K11: 1 | L11: Hồ Chí Minh | M11: 20 | N11: 348 | O11: =N11*3 -> 1044 | P11: =O11*15% -> 156.6 | Q11: =SUM(O11:P11) -> 1200.6 | R11: =(O11*6*7)+(P11*2*7) -> 46040.4 | S11: 4 | T11: 8 | U11: 6 | V11: =T11+U11 -> 14 | W11: ON AIR | X11: 0 | Y11: 12 | Z11: Trường mầm non, sân chơi trẻ em | AA11: BVS, Bạo Lực, Kinh Dị, Bất động sản | AC11: Khai thác từ ngày 15/01/2026 - 14/01/2029 | AE11: Hà | AF11: Nguyên | AG11: Confirmed | AH11: Confirmed
A12: =ROW()-3 -> 9 | B12: OB | C12: THESUNAVENUESO1 | E12: The Sun Avenue S01 | G12: 28 Mai Chí Thọ | H12: Bình Trưng | I12: Hồ Chí Minh | J12: 43-45 Ngõ 130 Đốc Ngữ, Phường Vĩnh Phú | K12: Ba Đình | L12: Hà Nội | M12: 28 | N12: 66 | O12: =N12*3 -> 198 | P12: =O12*15% -> 29.7 | Q12: =SUM(O12:P12) -> 227.7 | R12: =(O12*7*6)+(P12*7*2) -> 8731.8 | S12: 3 | T12: 4 | U12: 4 | V12: =T12+U12 -> 8 | W12: ON AIR | X12: 0 | Y12: =SUMIF($W$126,"ON GOING",V126) -> 0 | Z12: Siêu thị, cafe, quán ăn, Salon, nhà thuốc, Gym, Hồ bơi, … | AA12: BVS, Bạo Lực, Kinh Dị,.. | AC12: Khai thác từ ngày 1/2/2026 - 31/1/2027 | AE12: Tân | AF12: Nguyên | AG12: Confirmed | AH12: Reviewing
A13: =ROW()-3 -> 10 | B13: OB | C13: THESUNAVENUESO2 | E13: The Sun Avenue S02 | G13: 28 Mai Chí Thọ | H13: Bình Trưng | I13: Hồ Chí Minh | J13: 43-45 Ngõ 130 Đốc Ngữ, Phường Vĩnh Phú | K13: Ba Đình | L13: Hà Nội | M13: 30 | N13: 90 | O13: =N13*3 -> 270 | P13: =O13*15% -> 40.5 | Q13: =SUM(O13:P13) -> 310.5 | R13: =(O13*7*6)+(P13*7*2) -> 11907 | S13: 3 | T13: 4 | U13: 4 | V13: =T13+U13 -> 8 | W13: ON AIR | X13: 0 | Y13: =SUMIF($W$126,"ON GOING",V127) -> 0 | Z13: Siêu thị, cafe, quán ăn, Salon, nhà thuốc, Gym, Hồ bơi, … | AA13: BVS, Bạo Lực, Kinh Dị,.. | AC13: Khai thác từ ngày 1/2/2026 - 31/1/2027 | AE13: Tân | AF13: Nguyên | AG13: Confirmed | AH13: Reviewing
A14: =ROW()-3 -> 11 | B14: OB | C14: THESUNAVENUESO3 | E14: The Sun Avenue S03 | G14: 28 Mai Chí Thọ | H14: Bình Trưng | I14: Hồ Chí Minh | J14: 43-45 Ngõ 130 Đốc Ngữ, Phường Vĩnh Phú | K14: Ba Đình | L14: Hà Nội | M14: 30 | N14: 102 | O14: =N14*3 -> 306 | P14: =O14*15% -> 45.9 | Q14: =SUM(O14:P14) -> 351.9 | R14: =(O14*7*6)+(P14*7*2) -> 13494.6 | S14: 3 | T14: 4 | U14: 4 | V14: =T14+U14 -> 8 | W14: ON AIR | X14: 0 | Y14: =SUMIF($W$126,"ON GOING",V128) -> 0 | Z14: Siêu thị, cafe, quán ăn, Salon, nhà thuốc, Gym, Hồ bơi, … | AA14: BVS, Bạo Lực, Kinh Dị,.. | AC14: Khai thác từ ngày 1/2/2026 - 31/1/2027 | AE14: Tân | AF14: Nguyên | AG14: Confirmed | AH14: Reviewing
A15: =ROW()-3 -> 12 | B15: OB | C15: THESUNAVENUESO4 | E15: The Sun Avenue S04 | G15: 28 Mai Chí Thọ | H15: Bình Trưng | I15: Hồ Chí Minh | J15: 43-45 Ngõ 130 Đốc Ngữ, Phường Vĩnh Phú | K15: Ba Đình | L15: Hà Nội | M15: 29 | N15: 92 | O15: =N15*3 -> 276 | P15: =O15*15% -> 41.4 | Q15: =SUM(O15:P15) -> 317.4 | R15: =(O15*7*6)+(P15*7*2) -> 12171.6 | S15: 3 | T15: 4 | U15: 4 | V15: =T15+U15 -> 8 | W15: ON AIR | X15: 0 | Y15: =SUMIF($W$126,"ON GOING",V129) -> 0 | Z15: Siêu thị, cafe, quán ăn, Salon, nhà thuốc, Gym, Hồ bơi, … | AA15: BVS, Bạo Lực, Kinh Dị,.. | AC15: Khai thác từ ngày 1/2/2026 - 31/1/2027 | AE15: Tân | AF15: Nguyên | AG15: Confirmed | AH15: Reviewing
A16: =ROW()-3 -> 13 | B16: OB | C16: THESUNAVENUESO5 | E16: The Sun Avenue S05 | G16: 28 Mai Chí Thọ | H16: Bình Trưng | I16: Hồ Chí Minh | J16: 43-45 Ngõ 130 Đốc Ngữ, Phường Vĩnh Phú | K16: Ba Đình | L16: Hà Nội | M16: 29 | N16: 84 | O16: =N16*3 -> 252 | P16: =O16*15% -> 37.8 | Q16: =SUM(O16:P16) -> 289.8 | R16: =(O16*7*6)+(P16*7*2) -> 11113.2 | S16: 3 | T16: 4 | U16: 4 | V16: =T16+U16 -> 8 | W16: ON AIR | X16: 0 | Y16: =SUMIF($W$126,"ON GOING",V130) -> 0 | Z16: Siêu thị, cafe, quán ăn, Salon, nhà thuốc, Gym, Hồ bơi, … | AA16: BVS, Bạo Lực, Kinh Dị,.. | AC16: Khai thác từ ngày 1/2/2026 - 31/1/2027 | AE16: Tân | AF16: Nguyên | AG16: Confirmed | AH16: Reviewing
A17: =ROW()-3 -> 14 | B17: OB | C17: THESUNAVENUESO6 | E17: The Sun Avenue S06 | G17: 28 Mai Chí Thọ | H17: Bình Trưng | I17: Hồ Chí Minh | J17: 43-45 Ngõ 130 Đốc Ngữ, Phường Vĩnh Phú | K17: Ba Đình | L17: Hà Nội | M17: 29 | N17: 66 | O17: =N17*3 -> 198 | P17: =O17*15% -> 29.7 | Q17: =SUM(O17:P17) -> 227.7 | R17: =(O17*7*6)+(P17*7*2) -> 8731.8 | S17: 2 | T17: 2 | U17: 2 | V17: =T17+U17 -> 4 | W17: ON AIR | X17: 0 | Y17: =SUMIF($W$126,"ON GOING",V131) -> 0 | Z17: Siêu thị, cafe, quán ăn, Salon, nhà thuốc, Gym, Hồ bơi, … | AA17: BVS, Bạo Lực, Kinh Dị,.. | AC17: Khai thác từ ngày 1/2/2026 - 31/1/2027 | AE17: Tân | AF17: Nguyên | AG17: Confirmed | AH17: Reviewing
A18: =ROW()-3 -> 15 | B18: OB | C18: THESUNAVENUESO7 | E18: The Sun Avenue S07 | G18: 28 Mai Chí Thọ | H18: Bình Trưng | I18: Hồ Chí Minh | M18: 28 | N18: 56 | O18: =N18*3 -> 168 | P18: =O18*15% -> 25.2 | Q18: =SUM(O18:P18) -> 193.2 | R18: =(O18*7*6)+(P18*7*2) -> 7408.8 | S18: 2 | T18: 2 | U18: 2 | V18: =T18+U18 -> 4 | W18: ON AIR | X18: 0 | Y18: =SUMIF($W$126,"ON GOING",V132) -> 0 | Z18: Siêu thị, cafe, quán ăn, Salon, nhà thuốc, Gym, Hồ bơi, … | AA18: BVS, Bạo Lực, Kinh Dị,.. | AC18: Khai thác từ ngày 1/2/2026 - 31/1/2027 | AE18: Tân | AF18: Nguyên | AG18: Confirmed | AH18: Reviewing
A19: =ROW()-3 -> 16 | B19: OB | C19: THESUNAVENUESO8 | E19: The Sun Avenue S08 | G19: 28 Mai Chí Thọ | H19: Bình Trưng | I19: Hồ Chí Minh | J19: 15-17 Ngọc Khánh | K19: Ba Đình | L19: Hà Nội | M19: 26 | N19: 124 | O19: =N19*3 -> 372 | P19: =O19*15% -> 55.8 | Q19: =SUM(O19:P19) -> 427.8 | R19: =(O19*7*6)+(P19*7*2) -> 16405.2 | S19: 2 | T19: 2 | U19: 2 | V19: =T19+U19 -> 4 | W19: ON AIR | X19: 0 | Y19: =SUMIF($W$126,"ON GOING",V133) -> 0 | Z19: Siêu thị, cafe, quán ăn, Salon, nhà thuốc, Gym, Hồ bơi, … | AA19: BVS, Bạo Lực, Kinh Dị,.. | AC19: Khai thác từ ngày 1/2/2026 - 31/1/2027 | AE19: Tân | AF19: Nguyên | AG19: Confirmed | AH19: Reviewing
A20: =ROW()-3 -> 17 | B20: AP | C20: THESUNAVENUESA1 | E20: The Sun Avenue SA1 | G20: 28 Mai Chí Thọ | H20: Bình Trưng | I20: Hồ Chí Minh | J20: 43-45 Ngõ 130 Đốc Ngữ, Phường Vĩnh Phú | K20: Ba Đình | L20: Hà Nội | M20: 28 | N20: 300 | O20: =N20*3 -> 900 | P20: =O20*15% -> 135 | Q20: =SUM(O20:P20) -> 1035 | R20: =(O20*7*6)+(P20*7*2) -> 39690 | S20: 5 | T20: 8 | U20: 6 | V20: =T20+U20 -> 14 | W20: ON AIR | X20: 0 | Y20: =SUMIF($W$126,"ON GOING",V134) -> 0 | Z20: Siêu thị, cafe, quán ăn, Salon, nhà thuốc, Gym, Hồ bơi, … | AA20: BVS, Bạo Lực, Kinh Dị,.. | AC20: Khai thác từ ngày 1/2/2026 - 31/1/2027 | AE20: Tân | AF20: Nguyên | AG20: Confirmed | AH20: Reviewing
A21: =ROW()-3 -> 18 | B21: AP | C21: THESUNAVENUESA2 | E21: The Sun Avenue SA2 | G21: 28 Mai Chí Thọ | H21: Bình Trưng | I21: Hồ Chí Minh | J21: 43-45 Ngõ 130 Đốc Ngữ, Phường Vĩnh Phú | K21: Ba Đình | L21: Hà Nội | M21: 30 | N21: 324 | O21: =N21*3 -> 972 | P21: =O21*15% -> 145.8 | Q21: =SUM(O21:P21) -> 1117.8 | R21: =(O21*7*6)+(P21*7*2) -> 42865.2 | S21: 5 | T21: 8 | U21: 6 | V21: =T21+U21 -> 14 | W21: ON AIR | X21: 0 | Y21: =SUMIF($W$126,"ON GOING",V135) -> 0 | Z21: Siêu thị, cafe, quán ăn, Salon, nhà thuốc, Gym, Hồ bơi, … | AA21: BVS, Bạo Lực, Kinh Dị,.. | AC21: Khai thác từ ngày 1/2/2026 - 31/1/2027 | AE21: Tân | AF21: Nguyên | AG21: Confirmed | AH21: Reviewing
A22: =ROW()-3 -> 19 | B22: AP | C22: THESUNAVENUESA3 | E22: The Sun Avenue SA3 | G22: 28 Mai Chí Thọ | H22: Bình Trưng | I22: Hồ Chí Minh | J22: 43-45 Ngõ 130 Đốc Ngữ, Phường Vĩnh Phú | K22: Ba Đình | L22: Hà Nội | M22: 30 | N22: 324 | O22: =N22*3 -> 972 | P22: =O22*15% -> 145.8 | Q22: =SUM(O22:P22) -> 1117.8 | R22: =(O22*7*6)+(P22*7*2) -> 42865.2 | S22: 5 | T22: 8 | U22: 6 | V22: =T22+U22 -> 14 | W22: ON AIR | X22: 0 | Y22: =SUMIF($W$126,"ON GOING",V136) -> 0 | Z22: Siêu thị, cafe, quán ăn, Salon, nhà thuốc, Gym, Hồ bơi, … | AA22: BVS, Bạo Lực, Kinh Dị,.. | AC22: Khai thác từ ngày 1/2/2026 - 31/1/2027 | AE22: Tân | AF22: Nguyên | AG22: Confirmed | AH22: Reviewing
A23: =ROW()-3 -> 20 | B23: AP | C23: THESUNAVENUESA4 | E23: The Sun Avenue SA4 | G23: 28 Mai Chí Thọ | H23: Bình Trưng | I23: Hồ Chí Minh | J23: 43-45 Ngõ 130 Đốc Ngữ, Phường Vĩnh Phú | K23: Ba Đình | L23: Hà Nội | M23: 29 | N23: 324 | O23: =N23*3 -> 972 | P23: =O23*15% -> 145.8 | Q23: =SUM(O23:P23) -> 1117.8 | R23: =(O23*7*6)+(P23*7*2) -> 42865.2 | S23: 5 | T23: 8 | U23: 6 | V23: =T23+U23 -> 14 | W23: ON AIR | X23: 0 | Y23: =SUMIF($W$126,"ON GOING",V137) -> 0 | Z23: Siêu thị, cafe, quán ăn, Salon, nhà thuốc, Gym, Hồ bơi, … | AA23: BVS, Bạo Lực, Kinh Dị,.. | AC23: Khai thác từ ngày 1/2/2026 - 31/1/2027 | AE23: Tân | AF23: Nguyên | AG23: Confirmed | AH23: Reviewing
A24: =ROW()-3 -> 21 | B24: AP | C24: THESUNAVENUESA5 | E24: The Sun Avenue SA5 | G24: 28 Mai Chí Thọ | H24: Bình Trưng | I24: Hồ Chí Minh | J24: 43-45 Ngõ 130 Đốc Ngữ, Phường Vĩnh Phú | K24: Ba Đình | L24: Hà Nội | M24: 29 | N24: 312 | O24: =N24*3 -> 936 | P24: =O24*15% -> 140.4 | Q24: =SUM(O24:P24) -> 1076.4 | R24: =(O24*7*6)+(P24*7*2) -> 41277.6 | S24: 5 | T24: 8 | U24: 6 | V24: =T24+U24 -> 14 | W24: ON AIR | X24: 0 | Y24: =SUMIF($W$126,"ON GOING",V138) -> 0 | Z24: Siêu thị, cafe, quán ăn, Salon, nhà thuốc, Gym, Hồ bơi, … | AA24: BVS, Bạo Lực, Kinh Dị,.. | AC24: Khai thác từ ngày 1/2/2026 - 31/1/2027 | AE24: Tân | AF24: Nguyên | AG24: Confirmed | AH24: Reviewing
A25: =ROW()-3 -> 22 | B25: AP | C25: THESUNAVENUESA6 | E25: The Sun Avenue SA6 | G25: 28 Mai Chí Thọ | H25: Bình Trưng | I25: Hồ Chí Minh | J25: 28 | K25: 250 | L25: 750 | M25: 29 | N25: 208 | O25: =N25*3 -> 624 | P25: =O25*15% -> 93.6 | Q25: =SUM(O25:P25) -> 717.6 | R25: =(O25*7*6)+(P25*7*2) -> 27518.4 | S25: 4 | T25: 6 | U25: 6 | V25: =T25+U25 -> 12 | W25: ON AIR | X25: 0 | Y25: =SUMIF($W$126,"ON GOING",V139) -> 0 | Z25: Siêu thị, cafe, quán ăn, Salon, nhà thuốc, Gym, Hồ bơi, … | AA25: BVS, Bạo Lực, Kinh Dị,.. | AC25: Khai thác từ ngày 1/2/2026 - 31/1/2027 | AE25: Tân | AF25: Nguyên | AG25: Confirmed | AH25: Reviewing
A26: =ROW()-3 -> 23 | B26: AP | C26: THESUNAVENUESA7 | E26: The Sun Avenue SA7 | G26: 28 Mai Chí Thọ | H26: Bình Trưng | I26: Hồ Chí Minh | J26: 28 | K26: 250 | L26: 750 | M26: 28 | N26: 200 | O26: =N26*3 -> 600 | P26: =O26*15% -> 90 | Q26: =SUM(O26:P26) -> 690 | R26: =(O26*7*6)+(P26*7*2) -> 26460 | S26: 4 | T26: 6 | U26: 4 | V26: =T26+U26 -> 10 | W26: ON AIR | X26: 0 | Y26: =SUMIF($W$126,"ON GOING",V140) -> 0 | Z26: Siêu thị, cafe, quán ăn, Salon, nhà thuốc, Gym, Hồ bơi, … | AA26: BVS, Bạo Lực, Kinh Dị,.. | AC26: Khai thác từ ngày 1/2/2026 - 31/1/2027 | AE26: Tân | AF26: Nguyên | AG26: Confirmed | AH26: Reviewing
A27: =ROW()-3 -> 24 | B27: AP | C27: THESUNAVENUESA8 | E27: The Sun Avenue SA8 | G27: 28 Mai Chí Thọ | H27: Bình Trưng | I27: Hồ Chí Minh | M27: 26 | N27: 228 | O27: =N27*3 -> 684 | P27: =O27*15% -> 102.6 | Q27: =SUM(O27:P27) -> 786.6 | R27: =(O27*7*6)+(P27*7*2) -> 30164.4 | S27: 4 | T27: 6 | U27: 4 | V27: =T27+U27 -> 10 | W27: ON AIR | X27: 0 | Y27: =SUMIF($W$126,"ON GOING",V141) -> 0 | Z27: Siêu thị, cafe, quán ăn, Salon, nhà thuốc, Gym, Hồ bơi, … | AA27: BVS, Bạo Lực, Kinh Dị,.. | AC27: Khai thác từ ngày 1/2/2026 - 31/1/2027 | AE27: Tân | AF27: Nguyên | AG27: Confirmed | AH27: Reviewing
A28: =ROW()-3 -> 25 | B28: AP | C28: THUTHIEMGARDENBLOCKA | E28: Thủ Thiêm Garden Block A | G28: 269 Liên Phường | H28: Phước Long | I28: Hồ Chí Minh | M28: 15 | N28: 185 | O28: =N28*3 -> 555 | P28: =O28*15% -> 83.25 | Q28: =SUM(O28:P28) -> 638.25 | R28: =(O28*7*6)+(P28*7*2) -> 24475.5 | S28: 3 | T28: 4 | U28: 6 | V28: =T28+U28 -> 10 | W28: ON AIR | X28: 3 | Y28: 9 | Z28: Winmart | AA28: BVS, Bạo Lực, Kinh Dị,.. | AC28: Khai thác từ ngày 25/05/20206 - 24/06/2029 | AE28: Hà | AF28: Nguyên | AG28: Edited | AH28: Confirmed
A29: =ROW()-3 -> 26 | B29: AP | C29: THUTHIEMGARDENBLOCKB | E29: Thủ Thiêm Garden Block B | G29: 269 Liên Phường | H29: Phước Long | I29: Hồ Chí Minh | M29: 15 | N29: 190 | O29: =N29*3 -> 570 | P29: =O29*15% -> 85.5 | Q29: =SUM(O29:P29) -> 655.5 | R29: =(O29*7*6)+(P29*7*2) -> 25137 | S29: 3 | T29: 4 | U29: 6 | V29: =T29+U29 -> 10 | W29: ON AIR | X29: 3 | Y29: 9 | Z29: Hồ bơi | AA29: BVS, Bạo Lực, Kinh Dị,.. | AC29: Khai thác từ ngày 25/05/20206 - 24/06/2029 | AE29: Hà | AF29: Nguyên | AG29: Confirmed | AH29: Confirmed
A30: =ROW()-3 -> 27 | B30: AP | C30: AKARICITYBLOCKAK1 | E30: Akari City Block AK1 | G30: 77 Võ Văn Kiệt | H30: An Lạc | I30: Hồ Chí Minh | M30: 24 | N30: 310 | O30: =N30*3 -> 930 | P30: =O30*15% -> 139.5 | Q30: =SUM(O30:P30) -> 1069.5 | R30: =(O30*7*6)+(P30*7*2) -> 41013 | S30: 4 | T30: 6 | U30: 6 | V30: =T30+U30 -> 12 | W30: ON GOING | X30: 0 | Y30: =SUMIF($W$126,"ON GOING",V126) -> 0 | Z30: Hồ bơi, highlands, khu vui chơi, Convenience store, Gym | AA30: BVS, Bạo Lực, Kinh Dị,.. | AC30: Khai thác từ ngày 1/7/2026 đến ngày 30/6/2027 | AE30: Nhiên | AG30: Confirmed | AH30: Reviewing
A31: =ROW()-3 -> 28 | B31: AP | C31: AKARICITYBLOCKAK2 | E31: Akari City Block AK2 | G31: 77 Võ Văn Kiệt | H31: An Lạc | I31: Hồ Chí Minh | M31: 24 | N31: 310 | O31: =N31*3 -> 930 | P31: =O31*15% -> 139.5 | Q31: =SUM(O31:P31) -> 1069.5 | R31: =(O31*7*6)+(P31*7*2) -> 41013 | S31: 4 | T31: 6 | U31: 6 | V31: =T31+U31 -> 12 | W31: ON GOING | X31: 0 | Y31: =SUMIF($W$126,"ON GOING",V127) -> 0 | Z31: Hồ bơi, highlands, khu vui chơi, Convenience store, Gym | AA31: BVS, Bạo Lực, Kinh Dị,.. | AC31: Khai thác từ ngày 1/7/2026 đến ngày 30/6/2027 | AE31: Nhiên | AG31: Confirmed | AH31: Reviewing
A32: =ROW()-3 -> 29 | B32: AP | C32: AKARICITYBLOCKAK3 | E32: Akari City Block AK3 | G32: 77 Võ Văn Kiệt | H32: An Lạc | I32: Hồ Chí Minh | M32: 24 | N32: 310 | O32: =N32*3 -> 930 | P32: =O32*15% -> 139.5 | Q32: =SUM(O32:P32) -> 1069.5 | R32: =(O32*7*6)+(P32*7*2) -> 41013 | S32: 4 | T32: 6 | U32: 6 | V32: =T32+U32 -> 12 | W32: ON GOING | X32: 0 | Y32: =SUMIF($W$126,"ON GOING",V128) -> 0 | Z32: Hồ bơi, highlands, khu vui chơi, Convenience store, Gym | AA32: BVS, Bạo Lực, Kinh Dị,.. | AC32: Khai thác từ ngày 1/7/2026 đến ngày 30/6/2027 | AE32: Nhiên | AG32: Confirmed | AH32: Reviewing
A33: =ROW()-3 -> 30 | B33: AP | C33: AKARICITYBLOCKAK4 | E33: Akari City Block AK4 | G33: 77 Võ Văn Kiệt | H33: An Lạc | I33: Hồ Chí Minh | M33: 24 | N33: 310 | O33: =N33*3 -> 930 | P33: =O33*15% -> 139.5 | Q33: =SUM(O33:P33) -> 1069.5 | R33: =(O33*7*6)+(P33*7*2) -> 41013 | S33: 4 | T33: 6 | U33: 6 | V33: =T33+U33 -> 12 | W33: ON GOING | X33: 0 | Y33: =SUMIF($W$126,"ON GOING",V129) -> 0 | Z33: Hồ bơi, highlands, khu vui chơi, Convenience store, Gym | AA33: BVS, Bạo Lực, Kinh Dị,.. | AC33: Khai thác từ ngày 1/7/2026 đến ngày 30/6/2027 | AE33: Nhiên | AG33: Confirmed | AH33: Reviewing
A34: =ROW()-3 -> 31 | B34: AP | C34: AKARICITYBLOCKAK5 | E34: Akari City Block AK5 | G34: 77 Võ Văn Kiệt | H34: An Lạc | I34: Hồ Chí Minh | M34: 24 | N34: 310 | O34: =N34*3 -> 930 | P34: =O34*15% -> 139.5 | Q34: =SUM(O34:P34) -> 1069.5 | R34: =(O34*7*6)+(P34*7*2) -> 41013 | S34: 4 | T34: 6 | U34: 6 | V34: =T34+U34 -> 12 | W34: ON GOING | X34: 0 | Y34: =SUMIF($W$126,"ON GOING",V130) -> 0 | Z34: Hồ bơi, highlands, khu vui chơi, Convenience store, Gym | AA34: BVS, Bạo Lực, Kinh Dị,.. | AC34: Khai thác từ ngày 1/7/2026 đến ngày 30/6/2027 | AE34: Nhiên | AG34: Confirmed | AH34: Reviewing
A35: =ROW()-3 -> 32 | B35: AP | C35: AKARICITYBLOCKAK6 | E35: Akari City Block AK6 | G35: 77 Võ Văn Kiệt | H35: An Lạc | I35: Hồ Chí Minh | M35: 24 | N35: 310 | O35: =N35*3 -> 930 | P35: =O35*15% -> 139.5 | Q35: =SUM(O35:P35) -> 1069.5 | R35: =(O35*7*6)+(P35*7*2) -> 41013 | S35: 4 | T35: 6 | U35: 6 | V35: =T35+U35 -> 12 | W35: ON GOING | X35: 0 | Y35: =SUMIF($W$126,"ON GOING",V131) -> 0 | Z35: Hồ bơi, highlands, khu vui chơi, Convenience store, Gym | AA35: BVS, Bạo Lực, Kinh Dị,.. | AC35: Khai thác từ ngày 1/7/2026 đến ngày 30/6/2027 | AE35: Nhiên | AG35: Confirmed | AH35: Reviewing
A36: =ROW()-3 -> 33 | B36: AP | C36: =UPPER(SUBSTITUTE(E36, " ", "")) -> BCONSCITYBLOCKA1A | E36: Bcons City Block A1a | G36: 57-60 Thống Nhất | H36: Đông Hòa | I36: Hồ Chí Minh | M36: 22 | N36: 650 | O36: =N36*3 -> 1950 | P36: =O36*15% -> 292.5 | Q36: =SUM(O36:P36) -> 2242.5 | R36: =(O36*7*6)+(P36*7*2) -> 85995 | S36: 3 | T36: 6 | U36: 8 | V36: =T36+U36 -> 14 | W36: ON GOING | X36: 0 | Y36: =SUMIF($W$126,"ON GOING",V132) -> 0 | Z36: Shophouse, khu vui chơi | AA36: BVS, Bạo Lực, Kinh Dị, Bất động sản,..
A37: =ROW()-3 -> 34 | B37: AP | C37: =UPPER(SUBSTITUTE(E37, " ", "")) -> BCONSCITYBLOCKA1B | E37: Bcons City Block A1b | G37: 57-60 Thống Nhất | H37: Đông Hòa | I37: Hồ Chí Minh | M37: 22 | N37: 650 | O37: =N37*3 -> 1950 | P37: =O37*15% -> 292.5 | Q37: =SUM(O37:P37) -> 2242.5 | R37: =(O37*7*6)+(P37*7*2) -> 85995 | S37: 3 | T37: 6 | U37: 8 | V37: =T37+U37 -> 14 | W37: ON GOING | X37: 0 | Y37: =SUMIF($W$126,"ON GOING",V133) -> 0 | Z37: Shophouse, khu vui chơi | AA37: BVS, Bạo Lực, Kinh Dị, Bất động sản,..
A38: =ROW()-3 -> 35 | B38: AP | C38: =UPPER(SUBSTITUTE(E38, " ", "")) -> BCONSCITYBLOCKA2 | E38: Bcons City Block A2 | G38: 57-60 Thống Nhất | H38: Đông Hòa | I38: Hồ Chí Minh | M38: 22 | N38: 650 | O38: =N38*3 -> 1950 | P38: =O38*15% -> 292.5 | Q38: =SUM(O38:P38) -> 2242.5 | R38: =(O38*7*6)+(P38*7*2) -> 85995 | S38: 2 | T38: 4 | U38: 5 | V38: =T38+U38 -> 9 | W38: ON GOING | X38: 0 | Y38: =SUMIF($W$126,"ON GOING",V134) -> 0 | Z38: Shophouse, khu vui chơi | AA38: BVS, Bạo Lực, Kinh Dị, Bất động sản,..
A39: =ROW()-3 -> 36 | B39: AP | C39: =UPPER(SUBSTITUTE(E39, " ", "")) -> BCONSCITYBLOCKB1 | E39: Bcons City Block B1 | G39: 57-60 Thống Nhất | H39: Đông Hòa | I39: Hồ Chí Minh | M39: 22 | N39: 650 | O39: =N39*3 -> 1950 | P39: =O39*15% -> 292.5 | Q39: =SUM(O39:P39) -> 2242.5 | R39: =(O39*7*6)+(P39*7*2) -> 85995 | S39: 2 | T39: 4 | U39: 6 | V39: =T39+U39 -> 10 | W39: ON GOING | X39: 0 | Y39: =SUMIF($W$126,"ON GOING",V135) -> 0 | Z39: Shophouse, khu vui chơi | AA39: BVS, Bạo Lực, Kinh Dị, Bất động sản,..
A40: =ROW()-3 -> 37 | B40: AP | C40: =UPPER(SUBSTITUTE(E40, " ", "")) -> BCONSCITYBLOCKB2A | E40: Bcons City Block B2a | G40: 57-60 Thống Nhất | H40: Đông Hòa | I40: Hồ Chí Minh | M40: 22 | N40: 650 | O40: =N40*3 -> 1950 | P40: =O40*15% -> 292.5 | Q40: =SUM(O40:P40) -> 2242.5 | R40: =(O40*7*6)+(P40*7*2) -> 85995 | S40: 2 | T40: 4 | U40: 6 | V40: =T40+U40 -> 10 | W40: ON GOING | X40: 0 | Y40: =SUMIF($W$126,"ON GOING",V136) -> 0 | Z40: Shophouse, khu vui chơi | AA40: BVS, Bạo Lực, Kinh Dị, Bất động sản,..
A41: =ROW()-3 -> 38 | B41: AP | C41: =UPPER(SUBSTITUTE(E41, " ", "")) -> BCONSCITYBLOCKB2B | E41: Bcons City Block B2b | G41: 57-60 Thống Nhất | H41: Đông Hòa | I41: Hồ Chí Minh | M41: 22 | N41: 650 | O41: =N41*3 -> 1950 | P41: =O41*15% -> 292.5 | Q41: =SUM(O41:P41) -> 2242.5 | R41: =(O41*7*6)+(P41*7*2) -> 85995 | S41: 2 | T41: 4 | U41: 6 | V41: =T41+U41 -> 10 | W41: ON GOING | X41: 0 | Y41: =SUMIF($W$126,"ON GOING",V137) -> 0 | Z41: Shophouse, khu vui chơi | AA41: BVS, Bạo Lực, Kinh Dị, Bất động sản,..
A42: =ROW()-3 -> 39 | B42: AP | C42: =UPPER(SUBSTITUTE(E42, " ", "")) -> TOPAZHOME2BBLOCKC | E42: Topaz Home 2 B Block C | G42: 215 Đường số 138 | H42: Tăng Nhơn Phú | I42: Hồ Chí Minh | M42: 17 | N42: 195 | O42: =N42*3 -> 585 | P42: =O42*15% -> 87.75 | Q42: =SUM(O42:P42) -> 672.75 | R42: =(O42*7*6)+(P42*7*2) -> 25798.5 | S42: 4 | T42: 4 | U42: 6 | V42: =T42+U42 -> 10 | W42: ON GOING | X42: 4 | Y42: 4 | Z42: Hồ bơi, shophouse, khu vui chơi, công viên | AA42: BVS, Bạo Lực, Kinh Dị,.. | AE42: Vỹ | AF42: Nguyên | AG42: Confirmed | AH42: Confirmed
A43: =ROW()-3 -> 40 | B43: AP | C43: =UPPER(SUBSTITUTE(E43, " ", "")) -> TOPAZHOME2BBLOCKA | E43: Topaz Home 2 B Block A | G43: 215 Đường số 138 | H43: Tăng Nhơn Phú | I43: Hồ Chí Minh | M43: 17 | N43: 195 | O43: =N43*3 -> 585 | P43: =O43*15% -> 87.75 | Q43: =SUM(O43:P43) -> 672.75 | R43: =(O43*7*6)+(P43*7*2) -> 25798.5 | S43: 3 | T43: 4 | U43: 4 | V43: =T43+U43 -> 8 | W43: ON GOING | X43: 3 | Y43: 3 | Z43: Hồ bơi, shophouse, khu vui chơi, công viên | AA43: BVS, Bạo Lực, Kinh Dị,.. | AE43: Vỹ | AF43: Nguyên | AG43: Confirmed | AH43: Confirmed
A44: =ROW()-3 -> 41 | B44: AP | C44: =UPPER(SUBSTITUTE(E44, " ", "")) -> TOPAZHOME2BBLOCKB | E44: Topaz Home 2 B Block B | G44: 215 Đường số 138 | H44: Tăng Nhơn Phú | I44: Hồ Chí Minh | M44: 17 | N44: 195 | O44: =N44*3 -> 585 | P44: =O44*15% -> 87.75 | Q44: =SUM(O44:P44) -> 672.75 | R44: =(O44*7*6)+(P44*7*2) -> 25798.5 | S44: 3 | T44: 4 | U44: 4 | V44: =T44+U44 -> 8 | W44: ON GOING | X44: 3 | Y44: 3 | Z44: Hồ bơi, shophouse, khu vui chơi, công viên | AA44: BVS, Bạo Lực, Kinh Dị,.. | AE44: Vỹ | AF44: Nguyên | AG44: Edited | AH44: Confirmed
A45: =ROW()-3 -> 42 | B45: AP | C45: =UPPER(SUBSTITUTE(E45, " ", "")) -> HABITATBLOCKA1 | E45: Habitat Block A1 | G45: Đại lộ, Hữu Nghị | H45: Bình Hòa | I45: Hồ Chí Minh | M45: 16 | N45: 134 | O45: =N45*3 -> 402 | P45: =O45*15% -> 60.3 | Q45: =SUM(O45:P45) -> 462.3 | R45: =(O45*7*6)+(P45*7*2) -> 17728.2 | S45: 3 | T45: 4 | U45: 2 | V45: =T45+U45 -> 6 | W45: ON GOING | X45: 0 | Y45: =SUMIF($W$126,"ON GOING",V141) -> 0 | Z45: Citimart, Academy, Shophouse, Hồ bơi, Ngân hàng …
A46: =ROW()-3 -> 43 | B46: AP | C46: =UPPER(SUBSTITUTE(E46, " ", "")) -> HABITATBLOCKA2 | E46: Habitat Block A2 | G46: Đại lộ, Hữu Nghị | H46: Bình Hòa | I46: Hồ Chí Minh | M46: 16 | N46: 133 | O46: =N46*3 -> 399 | P46: =O46*15% -> 59.85 | Q46: =SUM(O46:P46) -> 458.85 | R46: =(O46*7*6)+(P46*7*2) -> 17595.9 | S46: 3 | T46: 4 | U46: 2 | V46: =T46+U46 -> 6 | W46: ON GOING | X46: 0 | Y46: =SUMIF($W$126,"ON GOING",V142) -> 0 | Z46: Citimart, Academy, Shophouse, Hồ bơi, Ngân hàng … | AE46: Vỹ | AF46: Nguyên | AG46: Edited | AH46: Confirmed
A47: =COUNTIF($W$5:$W$46,"ON AIR") -> 25 | B47: Total Ho Chi Minh City _ ON AIR | N47: =SUMIF($W$5:$W$46,"ON AIR",N5:N46) -> 4728 | O47: =SUMIF($W$5:$W$46,"ON AIR",O5:O46) -> 14184 | P47: =SUMIF($W$5:$W$46,"ON AIR",P5:P46) -> 2127.6 | Q47: =SUMIF($W$5:$W$46,"ON AIR",Q5:Q46) -> 16311.6 | R47: =SUMIF($W$5:$W$46,"ON AIR",R5:R46) -> 625514.4 | S47: =SUMIF($W$5:$W$46,"ON AIR",S5:S46) -> 99 | T47: =SUMIF($W$5:$W$46,"ON AIR",T5:T46) -> 138 | U47: =SUMIF($W$5:$W$46,"ON AIR",U5:U46) -> 141 | V47: =SUMIF($W$5:$W$46,"ON AIR",V5:V46) -> 279 | X47: =SUMIF($W$5:$W$46,"ON AIR",X5:X46) -> 6 | Y47: =SUMIF($W$5:$W$46,"ON AIR",Y5:Y46) -> 58
A48: =COUNTIF($W$5:$W$46,"ON GOING") -> 17 | B48: Total Ho Chi Minh City _ ON GOING | N48: =SUMIF($W$5:$W$46,"ON GOING",N5:N46) -> 6612 | O48: =SUMIF($W$5:$W$46,"ON GOING",O5:O46) -> 19836 | P48: =SUMIF($W$5:$W$46,"ON GOING",P5:P46) -> 2975.4 | Q48: =SUMIF($W$5:$W$46,"ON GOING",Q5:Q46) -> 22811.4 | R48: =SUMIF($W$5:$W$46,"ON GOING",R5:R46) -> 874767.6 | S48: =SUMIF($W$5:$W$46,"ON GOING",S5:S46) -> 54 | T48: =SUMIF($W$5:$W$46,"ON GOING",T5:T46) -> 84 | U48: =SUMIF($W$5:$W$46,"ON GOING",U5:U46) -> 93 | V48: =SUMIF($W$5:$W$46,"ON GOING",V5:V46) -> 177 | X48: =SUMIF($W$5:$W$46,"ON GOING",X5:X46) -> 10 | Y48: =SUMIF($W$5:$W$46,"ON GOING",Y5:Y46) -> 10
A49: BUILDING IN HA NOI | AE49: BUILDING IN HA NOI
A50: 1 | B50: AP | C50: HOPERESIDENCESBLOCKH1 | E50: Hope Residences block H1 | G50: B8.NXH Ngã tư, Nguyễn Lam | H50: Phúc Đồng | I50: Hà Nội | J50: 43-45 Ngõ 130 Đốc Ngữ, Phường Vĩnh Phú | K50: Ba Đình | L50: Hà Nội | M50: 21 | N50: 300 | O50: =N50*3 -> 900 | P50: =O50*15% -> 135 | Q50: =SUM(O50:P50) -> 1035 | R50: =(O50*7*6)+(P50*7*2) -> 39690 | S50: 4 | T50: 7 | U50: 2 | V50: =SUM(T50:U50) -> 9 | W50: ON AIR | X50: 4 | Y50: =4*3 -> 12 | Z50: Siêu thị, cafe, quán ăn, …. | AA50: BVS, Bạo Lực, Kinh Dị,.. | AC50: Khai thác từ ngày 1/2/2026 - 31/1/2027 | AE50: MAI | AF50: LAN ANH | AG50: Edited | AH50: Edited
A51: 2 | B51: AP | C51: HOPERESIDENCESBLOCKH2 | E51: Hope Residences block H2 | G51: B8.NXH Ngã tư, Nguyễn Lam | H51: Phúc Đồng | I51: Hà Nội | J51: 43-45 Ngõ 130 Đốc Ngữ, Phường Vĩnh Phú | K51: Ba Đình | L51: Hà Nội | M51: 21 | N51: 300 | O51: =N51*3 -> 900 | P51: =O51*15% -> 135 | Q51: =SUM(O51:P51) -> 1035 | R51: =(O51*7*6)+(P51*7*2) -> 39690 | S51: 5 | T51: 7 | U51: 2 | V51: =SUM(T51:U51) -> 9 | W51: ON AIR | X51: 4 | Y51: =4*3 -> 12 | Z51: Siêu thị, cafe, quán ăn, …. | AA51: BVS, Bạo Lực, Kinh Dị,.. | AC51: Khai thác từ ngày 1/2/2026 - 31/1/2027 | AE51: MAI | AF51: LAN ANH | AG51: Edited | AH51: Edited
A52: 3 | B52: AP | C52: HOPERESIDENCESBLOCKH3 | E52: Hope Residences block H3 | G52: B8.NXH Ngã tư, Nguyễn Lam | H52: Phúc Đồng | I52: Hà Nội | J52: 43-45 Ngõ 130 Đốc Ngữ, Phường Vĩnh Phú | K52: Ba Đình | L52: Hà Nội | M52: 21 | N52: 300 | O52: =N52*3 -> 900 | P52: =O52*15% -> 135 | Q52: =SUM(O52:P52) -> 1035 | R52: =(O52*7*6)+(P52*7*2) -> 39690 | S52: 5 | T52: 9 | U52: 3 | V52: =SUM(T52:U52) -> 12 | W52: ON AIR | X52: 5 | Y52: =5*3 -> 15 | Z52: Siêu thị, cafe, quán ăn, …. | AA52: BVS, Bạo Lực, Kinh Dị,.. | AC52: Khai thác từ ngày 1/2/2026 - 31/1/2027 | AE52: MAI | AF52: LAN ANH | AG52: Edited | AH52: Edited
A53: 4 | B53: AP | C53: HOPERESIDENCESBLOCKH4 | E53: Hope Residences block H4 | G53: B8.NXH Ngã tư, Nguyễn Lam | H53: Phúc Đồng | I53: Hà Nội | J53: 43-45 Ngõ 130 Đốc Ngữ, Phường Vĩnh Phú | K53: Ba Đình | L53: Hà Nội | M53: 21 | N53: 300 | O53: =N53*3 -> 900 | P53: =O53*15% -> 135 | Q53: =SUM(O53:P53) -> 1035 | R53: =(O53*7*6)+(P53*7*2) -> 39690 | S53: 4 | T53: 7 | U53: 2 | V53: =SUM(T53:U53) -> 9 | W53: ON AIR | X53: 4 | Y53: =4*3 -> 12 | Z53: Siêu thị, cafe, quán ăn, …. | AA53: BVS, Bạo Lực, Kinh Dị,.. | AC53: Khai thác từ ngày 1/2/2026 - 31/1/2027 | AE53: MAI | AF53: LAN ANH | AG53: Edited | AH53: Edited
A54: 5 | B54: AP | C54: HOPERESIDENCESBLOCKH5 | E54: Hope Residences block H5 | G54: B8.NXH Ngã tư, Nguyễn Lam | H54: Phúc Đồng | I54: Hà Nội | J54: 15-17 Ngọc Khánh | K54: Ba Đình | L54: Hà Nội | M54: 21 | N54: 300 | O54: =N54*3 -> 900 | P54: =O54*15% -> 135 | Q54: =SUM(O54:P54) -> 1035 | R54: =(O54*7*6)+(P54*7*2) -> 39690 | S54: 4 | T54: 7 | U54: 2 | V54: =SUM(T54:U54) -> 9 | W54: ON AIR | X54: 4 | Y54: =4*3 -> 12 | Z54: Siêu thị, cafe, quán ăn, …. | AA54: BVS, Bạo Lực, Kinh Dị,.. | AC54: Khai thác từ ngày 1/2/2026 - 31/1/2027 | AE54: MAI | AF54: LAN ANH | AG54: Edited | AH54: Edited
A55: 6 | B55: AP | C55: CT4BOTULENH | E55: CT4 Bộ Tư Lệnh | G55: Khu nhà ở Bộ Tư lệnh Thủ đô | H55: Yên Nghĩa | I55: Hà Nội | J55: 225 Bến Chương Dương, Phường Cô Giang | K55: 1 | L55: Hồ Chí Minh | M55: 22 | N55: 280 | O55: =N55*3 -> 840 | P55: =O55*15% -> 126 | Q55: =SUM(O55:P55) -> 966 | R55: =(O55*6*7)+(P55*2*7) -> 37044 | S55: 5 | T55: 8 | U55: 5 | V55: =SUM(T55:U55) -> 13 | W55: ON AIR | X55: 4 | Y55: 8 | Z55: Siêu thị, Khu vui chơi trẻ em, Coffee Shop | AA55: BVS, Bạo Lực, Kinh Dị, Bất động sản | AC55: Khai thác từ ngày 20/03/2026 - 09/03/2029 | AD55: - Lắp mới 03 LCD 32 Logo bên ngoài thang máy tầng trệt (20/03/2026) - Lắp mới 02 LCD 32 Logo bên ngoài thang máy tầng 2 - tầng gửi xe (20/03/2026) - Bên trong thang máy 08 DP 27 Logo sẽ tiến hành lắp đặt sau | AE55: QUYÈN | AF55: DUYÊN | AG55: Confirmed | AH55: Confirmed
A56: 7 | B56: AP | C56: HOCVIENBOQUOCPHONGTHAPDONGKHUCUDAN | E56: Học viện bộ quốc phòng tháp Đông Khu Cư Dân | G56: Ô đất O17-HH2 Khu đô thị mới Tây Hồ Tây | H56: Nghĩa Đô | I56: Hà Nội | J56: 225 Bến Chương Dương, Phường Cô Giang | K56: 1 | L56: Hồ Chí Minh | M56: 32 | N56: 270 | O56: =N56*3 -> 810 | P56: =O56*0.15 -> 121.5 | Q56: =SUM(O56:P56) -> 931.5 | R56: =(O56*7*6)+(P56*7*2) -> 35721 | S56: 4 | T56: 6 | U56: 9 | V56: =SUM(T56:U56) -> 15 | W56: ON AIR | X56: 4 | Y56: 12 | Z56: Café, Quán ăn, siêu chị, ngân hàng | AA56: BVS, Bạo Lực, Kinh Dị | AC56: Khai thác từ ngày 01/02/2026 - 30/01/2029 | AD56: - Lắp mới 03 DP 27 Logo bên ngoài thang máy tầng trệt (13/03/2026) | AE56: THUỲ | AF56: DUYÊN | AG56: Confirmed | AH56: Confirmed
A57: 8 | B57: AP | C57: HOCVIENBOQUOCPHONGTHAPDONGKHUCUDAN | E57: Học viện bộ quốc phòng tháp Tây Khu Cư Dân | G57: Ô đất O17-HH2 Khu đô thị mới Tây Hồ Tây | H57: Nghĩa Đô | I57: Hà Nội | J57: 225 Bến Chương Dương, Phường Cô Giang | K57: 1 | L57: Hồ Chí Minh | M57: 32 | N57: 270 | O57: =N57*3 -> 810 | P57: =O57*0.15 -> 121.5 | Q57: =SUM(O57:P57) -> 931.5 | R57: =(O57*7*6)+(P57*7*2) -> 35721 | S57: 4 | T57: 6 | U57: 9 | V57: =SUM(T57:U57) -> 15 | W57: ON AIR | X57: 4 | Y57: 12 | Z57: Café, Quán ăn, siêu chị, ngân hàng | AA57: BVS, Bạo Lực, Kinh Dị | AC57: Khai thác từ ngày 01/02/2026 - 30/01/2029 | AD57: - Lắp mới 03 DP 27 Logo bên ngoài thang máy tầng trệt (13/03/2026) | AE57: THUỲ | AF57: DUYÊN | AG57: Confirmed | AH57: Confirmed
A58: 9 | B58: AP | C58: THENELSONPRIVATEAP | E58: The Nelson Private AP | G58: 9 ngõ 29 Láng Hạ | H58: Ô Chợ Dừa | I58: Hà Nội | J58: 225 Bến Chương Dương, Phường Cô Giang | K58: 1 | L58: Hồ Chí Minh | M58: 24 | N58: 175 | O58: =N58*3 -> 525 | P58: =O58*0.15 -> 78.75 | Q58: =SUM(O58:P58) -> 603.75 | R58: =(O58*7*6)+(P58*7*2) -> 23152.5 | S58: 4 | T58: 6 | U58: 16 | V58: =SUM(T58:U58) -> 22 | W58: ON AIR | X58: 0 | Y58: 0 | Z58: Café, Quán ăn, siêu thị | AA58: BVS, Bạo Lực, Kinh Dị, Bất động sản | AC58: Khai thác từ ngày 25/3/2026 - 24/03/2029 | AD58: - Lắp mới 12 DP 27 Logo bên ngoài thang máy tầng B1, B2, B2 (26/03/2026) '- Lắp mới 08 DP 27 Logo bên trong thang máy tầng (02/04/2026) | AE58: THUỲ | AF58: DUYÊN | AG58: Confirmed | AH58: Edited
A59: 10 | B59: OB | C59: THENELSONPRIVATEOB | E59: The Nelson Private OB | G59: 9 ngõ 29 Láng Hạ | H59: Ô Chợ Dừa | I59: Hà Nội | M59: 3 | O59: =N59*3 -> 0 | P59: =O59*0.15 -> 0 | Q59: =SUM(O59:P59) -> 0 | R59: =(O59*7*6)+(P59*7*2) -> 0 | S59: 1 | T59: 2 | U59: 1 | V59: =SUM(T59:U59) -> 3 | W59: ON AIR | X59: 0 | Y59: 0 | Z59: Café, Quán ăn, siêu thị, ngân hàng, TTTM, trường học | AA59: BVS, Bạo Lực, Kinh Dị, Bất động sản | AC59: Khai thác từ ngày 25/3/2026 - 24/03/2029 | AD59: - Lắp mới 01DP 27 Logo bên ngoài thang máy tầng G và Lắp mới 02DP 27 Logo bên trong thang máy | AE59: THUỲ | AF59: DUYÊN | AG59: Edited | AH59: Confirmed
A60: 11 | B60: AP | C60: CT12AKĐTKIMVANBLOCKA | E60: CT12A KĐT Kim Văn - Block A | G60: KĐT Kim Văn, Kim Lũ | H60: Hoàng Mai | I60: Hà Nội | M60: 45 | N60: 540 | O60: =N60*3 -> 1620 | P60: =O60*0.15 -> 243 | Q60: =SUM(O60:P60) -> 1863 | R60: =(O60*7*6)+(P60*7*2) -> 71442 | S60: 3 | T60: 6 | U60: 0 | V60: =SUM(T60:U60) -> 6 | W60: ON AIR | X60: 0 | Y60: 0 | Z60: Café, Quán ăn, siêu chị, ngân hàng | AA60: BVS, Bạo Lực, Kinh Dị | AC60: Khai thác từ ngày 29/05/2026 đến 24/04/2029 | AD60: - Đã lắp và khai thác 06 DP 27 Logo bên trong thang máy ngày 29/05/2026 | AE60: QUYÈN | AF60: LAN ANH | AG60: Confirmed | AH60: Confirmed
A61: 12 | B61: AP | C61: CT12AKĐTKIMVANBLOCKB | E61: CT12A KĐT Kim Văn - Block B | G61: KĐT Kim Văn, Kim Lũ | H61: Hoàng Mai | I61: Hà Nội | M61: 45 | N61: 540 | O61: =N61*3 -> 1620 | P61: =O61*0.15 -> 243 | Q61: =SUM(O61:P61) -> 1863 | R61: =(O61*7*6)+(P61*7*2) -> 71442 | S61: 4 | T61: 8 | U61: 0 | V61: =SUM(T61:U61) -> 8 | W61: ON AIR | X61: 0 | Y61: 0 | Z61: Café, Quán ăn, siêu chị, ngân hàng | AA61: BVS, Bạo Lực, Kinh Dị | AC61: Khai thác từ ngày 29/05/2026 đến 24/04/2029 | AD61: - Đã lắp và khai thác 08 DP 27 Logo bên trong thang máy ngày 04/06/2026 | AE61: QUYÈN | AF61: LAN ANH | AG61: Confirmed | AH61: Confirmed
A62: 13 | B62: AP | C62: =UPPER(SUBSTITUTE(E62, " ", "")) -> AQUABAYRESIDENCESSKY2 | E62: Aquabay Residences Sky 2 | G62: Khu đô thị Ecopark | H62: Phụng Công | I62: Hưng Yên | M62: 30 | N62: 400 | O62: =N62*3 -> 1200 | P62: =O62*0.15 -> 180 | Q62: =SUM(O62:P62) -> 1380 | R62: =(O62*7*6)+(P62*7*2) -> 52920 | S62: 4 | T62: 6 | U62: 0 | V62: =SUM(T62:U62) -> 6 | W62: ON AIR | X62: 0 | Y62: 0 | Z62: Café, Quán ăn, siêu chị, spa,.. | AA62: BVS, Bạo Lực, Kinh Dị | AC62: Khai thác từ ngày 01/05/2026 - 30/04/2028 | AD62: Lắp mới 6 màn DP bên trong thang máy | AE62: MAI | AF62: LAN ANH | AG62: Confirmed | AH62: Confirmed
A63: 14 | B63: AP | C63: =UPPER(SUBSTITUTE(E63, " ", "")) -> AQUABAYRESIDENCESSKY3 | E63: Aquabay Residences Sky 3 | G63: Khu đô thị Ecopark | H63: Phụng Công | I63: Hưng Yên | M63: 30 | N63: 400 | O63: =N63*3 -> 1200 | P63: =O63*0.15 -> 180 | Q63: =SUM(O63:P63) -> 1380 | R63: =(O63*7*6)+(P63*7*2) -> 52920 | S63: 4 | T63: 6 | U63: 0 | V63: =SUM(T63:U63) -> 6 | W63: ON AIR | X63: 0 | Y63: 0 | Z63: Café, Quán ăn, siêu chị, spa,... | AA63: BVS, Bạo Lực, Kinh Dị | AC63: Khai thác từ ngày 01/05/2026 - 30/04/2028 | AD63: Lắp mới 6 màn DP bên trong thang máy | AE63: MAI | AF63: LAN ANH | AG63: Confirmed | AH63: Confirmed
A64: 15 | B64: AP | C64: SKYFORESTBLOCKSF1 | E64: Sky Forest Block SF1 | G64: Khu Căn hộ Quảng trường Vịnh đảo Sky Forest | H64: Phụng Công | I64: Hưng Yên | M64: 30 | N64: 380 | O64: =N64*3 -> 1140 | P64: =O64*0.15 -> 171 | Q64: =SUM(O64:P64) -> 1311 | R64: =(O64*7*6)+(P64*7*2) -> 50274 | S64: 4 | T64: 8 | U64: 9 | V64: =SUM(T64:U64) -> 17 | W64: ON AIR | X64: 0 | Y64: 0 | Z64: Café, Quán ăn, siêu chị, spa,.. | AA64: BVS, Bạo Lực, Kinh Dị, Bất động sản | AC64: Khai thác từ ngày 15/03/2026 đến 14/04/2029 | AE64: THUỲ | AF64: DUYÊN | AG64: Confirmed | AH64: Confirmed
A65: 16 | B65: AP | C65: SKYFORESTBLOCKSF2 | E65: Sky Forest Block SF2 | G65: Khu Căn hộ Quảng trường Vịnh đảo Sky Forest | H65: Phụng Công | I65: Hưng Yên | M65: 38 | N65: 388 | O65: =N65*3 -> 1164 | P65: =O65*0.15 -> 174.6 | Q65: =SUM(O65:P65) -> 1338.6 | R65: =(O65*7*6)+(P65*7*2) -> 51332.4 | S65: 5 | T65: 10 | U65: 9 | V65: =SUM(T65:U65) -> 19 | W65: ON AIR | X65: 0 | Y65: 0 | Z65: Café, Quán ăn, siêu chị, spa,... | AA65: BVS, Bạo Lực, Kinh Dị, Bất động sản | AC65: Khai thác từ ngày 15/03/2026 đến 14/04/2029 | AE65: THUỲ | AF65: DUYÊN | AG65: Confirmed | AH65: Confirmed
A66: 17 | B66: AP | C66: SKYFORESTBLOCKSF3 | E66: Sky Forest Block SF3 | G66: Khu Căn hộ Quảng trường Vịnh đảo Sky Forest | H66: Phụng Công | I66: Hưng Yên | M66: 41 | N66: 600 | O66: =N66*3 -> 1800 | P66: =O66*0.15 -> 270 | Q66: =SUM(O66:P66) -> 2070 | R66: =(O66*7*6)+(P66*7*2) -> 79380 | S66: 6 | T66: 12 | U66: 12 | V66: =SUM(T66:U66) -> 24 | W66: ON AIR | X66: 0 | Y66: 0 | Z66: Café, Quán ăn, siêu chị, spa,.. | AA66: BVS, Bạo Lực, Kinh Dị, Bất động sản | AC66: Khai thác từ ngày 15/03/2026 đến 14/04/2029 | AE66: THUỲ | AF66: DUYÊN | AG66: Confirmed | AH66: Confirmed
A67: 18 | B67: AP | C67: CT7DUONGNOIA | E67: CT7 Dương Nội Block A | G67: Khu đô thị mới Dương Nội | H67: Dương Nội | I67: Hà Nội | M67: 25 | N67: 209 | O67: =N67*3 -> 627 | P67: =O67*0.15 -> 94.05 | Q67: =SUM(O67:P67) -> 721.05 | R67: =(O67*7*6)+(P67*7*2) -> 27650.7 | S67: 4 | T67: 6 | U67: 0 | V67: =SUM(T67:U67) -> 6 | W67: ON AIR | X67: 0 | Y67: 0 | Z67: Café, Quán ăn, siêu chị, ngân hàng | AA67: BVS, Bạo Lực, Kinh Dị | AE67: QUYỀN | AG67: Confirmed | AH67: Confirmed
A68: 19 | B68: AP | C68: CT7DUONGNOIB | E68: CT7 Dương Nội Block B | G68: Khu đô thị mới Dương Nội | H68: Dương Nội | I68: Hà Nội | M68: 25 | N68: 209 | O68: =N68*3 -> 627 | P68: =O68*0.15 -> 94.05 | Q68: =SUM(O68:P68) -> 721.05 | R68: =(O68*7*6)+(P68*7*2) -> 27650.7 | S68: 4 | T68: 6 | U68: 0 | V68: =SUM(T68:U68) -> 6 | W68: ON AIR | X68: 0 | Y68: 0 | Z68: Café, Quán ăn, siêu chị, ngân hàng | AA68: BVS, Bạo Lực, Kinh Dị | AE68: QUYỀN | AG68: Confirmed | AH68: Confirmed
A69: 20 | B69: AP | C69: CT7DUONGNOIC | E69: CT7 Dương Nội Block C | G69: Khu đô thị mới Dương Nội | H69: Dương Nội | I69: Hà Nội | M69: 25 | N69: 209 | O69: =N69*3 -> 627 | P69: =O69*0.15 -> 94.05 | Q69: =SUM(O69:P69) -> 721.05 | R69: =(O69*7*6)+(P69*7*2) -> 27650.7 | S69: 4 | T69: 6 | U69: 0 | V69: =SUM(T69:U69) -> 6 | W69: ON AIR | X69: 0 | Y69: 0 | Z69: Café, Quán ăn, siêu chị, ngân hàng | AA69: BVS, Bạo Lực, Kinh Dị | AE69: QUYỀN | AG69: Confirmed | AH69: Confirmed
A70: 21 | B70: AP | C70: CT7DUONGNOID | E70: CT7 Dương Nội Block D | G70: Khu đô thị mới Dương Nội | H70: Dương Nội | I70: Hà Nội | M70: 25 | N70: 209 | O70: =N70*3 -> 627 | P70: =O70*0.15 -> 94.05 | Q70: =SUM(O70:P70) -> 721.05 | R70: =(O70*7*6)+(P70*7*2) -> 27650.7 | S70: 4 | T70: 6 | U70: 0 | V70: =SUM(T70:U70) -> 6 | W70: ON AIR | X70: 0 | Y70: 0 | Z70: Café, Quán ăn, siêu chị, ngân hàng | AA70: BVS, Bạo Lực, Kinh Dị | AE70: QUYỀN | AG70: Confirmed | AH70: Confirmed
A71: 22 | B71: AP | C71: CT7DUONGNOIE | E71: CT7 Dương Nội Block E | G71: Khu đô thị mới Dương Nội | H71: Dương Nội | I71: Hà Nội | M71: 25 | N71: 209 | O71: =N71*3 -> 627 | P71: =O71*0.15 -> 94.05 | Q71: =SUM(O71:P71) -> 721.05 | R71: =(O71*7*6)+(P71*7*2) -> 27650.7 | S71: 4 | T71: 6 | U71: 0 | V71: =SUM(T71:U71) -> 6 | W71: ON AIR | X71: 0 | Y71: 0 | Z71: Café, Quán ăn, siêu chị, ngân hàng | AA71: BVS, Bạo Lực, Kinh Dị | AE71: QUYỀN | AG71: Confirmed | AH71: Confirmed
A72: 23 | B72: AP | C72: CT7DUONGNOIF | E72: CT7 Dương Nội Block F | G72: Khu đô thị mới Dương Nội | H72: Dương Nội | I72: Hà Nội | M72: 25 | N72: 209 | O72: =N72*3 -> 627 | P72: =O72*0.15 -> 94.05 | Q72: =SUM(O72:P72) -> 721.05 | R72: =(O72*7*6)+(P72*7*2) -> 27650.7 | S72: 4 | T72: 6 | U72: 0 | V72: =SUM(T72:U72) -> 6 | W72: ON AIR | X72: 0 | Y72: 0 | Z72: Café, Quán ăn, siêu chị, ngân hàng | AA72: BVS, Bạo Lực, Kinh Dị | AE72: QUYỀN | AG72: Confirmed | AH72: Confirmed
A73: 24 | B73: AP | C73: CT7DUONGNOIG | E73: CT7 Dương Nội Block G | G73: Khu đô thị mới Dương Nội | H73: Dương Nội | I73: Hà Nội | M73: 25 | N73: 209 | O73: =N73*3 -> 627 | P73: =O73*0.15 -> 94.05 | Q73: =SUM(O73:P73) -> 721.05 | R73: =(O73*7*6)+(P73*7*2) -> 27650.7 | S73: 4 | T73: 6 | U73: 0 | V73: =SUM(T73:U73) -> 6 | W73: ON AIR | X73: 0 | Y73: 0 | Z73: Café, Quán ăn, siêu chị, ngân hàng | AA73: BVS, Bạo Lực, Kinh Dị | AE73: QUYỀN | AG73: Confirmed | AH73: Confirmed
A74: 25 | B74: AP | C74: CT7DUONGNOIA | E74: CT7 Dương Nội Block A | G74: Khu đô thị mới Dương Nội | H74: Dương Nội | I74: Hà Nội | M74: 25 | N74: 209 | O74: =N74*3 -> 627 | P74: =O74*0.15 -> 94.05 | Q74: =SUM(O74:P74) -> 721.05 | R74: =(O74*7*6)+(P74*7*2) -> 27650.7 | S74: 4 | T74: 0 | U74: 4 | V74: =SUM(T74:U74) -> 4 | W74: ON GOING | X74: 0 | Y74: 0 | Z74: Café, Quán ăn, siêu chị, ngân hàng | AA74: BVS, Bạo Lực, Kinh Dị | AE74: QUYỀN | AG74: Confirmed | AH74: Confirmed
A75: 26 | B75: AP | C75: CT7DUONGNOIB | E75: CT7 Dương Nội Block B | G75: Khu đô thị mới Dương Nội | H75: Dương Nội | I75: Hà Nội | M75: 25 | N75: 209 | O75: =N75*3 -> 627 | P75: =O75*0.15 -> 94.05 | Q75: =SUM(O75:P75) -> 721.05 | R75: =(O75*7*6)+(P75*7*2) -> 27650.7 | S75: 4 | T75: 0 | U75: 4 | V75: =SUM(T75:U75) -> 4 | W75: ON GOING | X75: 0 | Y75: 0 | Z75: Café, Quán ăn, siêu chị, ngân hàng | AA75: BVS, Bạo Lực, Kinh Dị | AE75: QUYỀN | AG75: Confirmed | AH75: Confirmed
A76: 27 | B76: AP | C76: CT7DUONGNOIC | E76: CT7 Dương Nội Block C | G76: Khu đô thị mới Dương Nội | H76: Dương Nội | I76: Hà Nội | M76: 25 | N76: 209 | O76: =N76*3 -> 627 | P76: =O76*0.15 -> 94.05 | Q76: =SUM(O76:P76) -> 721.05 | R76: =(O76*7*6)+(P76*7*2) -> 27650.7 | S76: 4 | T76: 0 | U76: 4 | V76: =SUM(T76:U76) -> 4 | W76: ON GOING | X76: 0 | Y76: 0 | Z76: Café, Quán ăn, siêu chị, ngân hàng | AA76: BVS, Bạo Lực, Kinh Dị | AE76: QUYỀN | AG76: Confirmed | AH76: Confirmed
A77: 28 | B77: AP | C77: CT7DUONGNOID | E77: CT7 Dương Nội Block D | G77: Khu đô thị mới Dương Nội | H77: Dương Nội | I77: Hà Nội | M77: 25 | N77: 209 | O77: =N77*3 -> 627 | P77: =O77*0.15 -> 94.05 | Q77: =SUM(O77:P77) -> 721.05 | R77: =(O77*7*6)+(P77*7*2) -> 27650.7 | S77: 4 | T77: 0 | U77: 4 | V77: =SUM(T77:U77) -> 4 | W77: ON GOING | X77: 0 | Y77: 0 | Z77: Café, Quán ăn, siêu chị, ngân hàng | AA77: BVS, Bạo Lực, Kinh Dị | AE77: QUYỀN | AG77: Confirmed | AH77: Confirmed
A78: 29 | B78: AP | C78: CT7DUONGNOIE | E78: CT7 Dương Nội Block E | G78: Khu đô thị mới Dương Nội | H78: Dương Nội | I78: Hà Nội | M78: 25 | N78: 209 | O78: =N78*3 -> 627 | P78: =O78*0.15 -> 94.05 | Q78: =SUM(O78:P78) -> 721.05 | R78: =(O78*7*6)+(P78*7*2) -> 27650.7 | S78: 4 | T78: 0 | U78: 4 | V78: =SUM(T78:U78) -> 4 | W78: ON GOING | X78: 0 | Y78: 0 | Z78: Café, Quán ăn, siêu chị, ngân hàng | AA78: BVS, Bạo Lực, Kinh Dị | AE78: QUYỀN | AG78: Confirmed | AH78: Confirmed
... A80: 31 | B80: AP | C80: CT7DUONGNOIG | E80: CT7 Dương Nội Block G | G80: Khu đô thị mới Dương Nội | H80: Dương Nội | I80: Hà Nội | M80: 25 | N80: 209 | O80: =N80*3 -> 627 | P80: =O80*0.15 -> 94.05 | Q80: =SUM(O80:P80) -> 721.05 | R80: =(O80*7*6)+(P80*7*2) -> 27650.7 | S80: 4 | T80: 0 | U80: 4 | V80: =SUM(T80:U80) -> 4 | W80: ON GOING | X80: 0 | Y80: 0 | Z80: Café, Quán ăn, siêu chị, ngân hàng | AA80: BVS, Bạo Lực, Kinh Dị | AE80: QUYỀN | AG80: Confirmed | AH80: Confirmed
A81: 32 | B81: AP | C81: =UPPER(SUBSTITUTE(E81, " ", "")) -> ECOHOME1BLOCKE1A | E81: Ecohome 1 Block E1A | G81: Khu đô thị mới Bắc Cổ Nhuế - Chèm | H81: Đông Ngạc | I81: Hà Nội | M81: 12 | N81: 155 | O81: =N81*3 -> 465 | P81: =O81*0.15 -> 69.75 | Q81: =SUM(O81:P81) -> 534.75 | R81: =(O81*7*6)+(P81*7*2) -> 20506.5 | S81: 2 | T81: 1 | U81: 1 | V81: =SUM(T81:U81) -> 2 | W81: ON GOING | X81: 0 | Y81: 0 | Z81: Café, Quán ăn, siêu chị, ngân hàng | AA81: BVS, Bạo Lực, Kinh Dị | AE81: QUYỀN | AG81: Confirmed | AH81: Confirmed
A82: 33 | B82: AP | C82: =UPPER(SUBSTITUTE(E82, " ", "")) -> ECOHOME1BLOCKE1B | E82: Ecohome 1 Block E1B | G82: Khu đô thị mới Bắc Cổ Nhuế - Chèm | H82: Đông Ngạc | I82: Hà Nội | M82: 12 | N82: 155 | O82: =N82*3 -> 465 | P82: =O82*0.15 -> 69.75 | Q82: =SUM(O82:P82) -> 534.75 | R82: =(O82*7*6)+(P82*7*2) -> 20506.5 | S82: 2 | T82: 1 | U82: 1 | V82: =SUM(T82:U82) -> 2 | W82: ON GOING | X82: 0 | Y82: 0 | Z82: Café, Quán ăn, siêu chị, ngân hàng | AA82: BVS, Bạo Lực, Kinh Dị | AE82: QUYỀN | AG82: Confirmed | AH82: Confirmed
A83: 34 | B83: AP | C83: =UPPER(SUBSTITUTE(E83, " ", "")) -> ECOHOME1BLOCKE2 | E83: Ecohome 1 Block E2 | G83: Khu đô thị mới Bắc Cổ Nhuế - Chèm | H83: Đông Ngạc | I83: Hà Nội | M83: 12 | N83: 155 | O83: =N83*3 -> 465 | P83: =O83*0.15 -> 69.75 | Q83: =SUM(O83:P83) -> 534.75 | R83: =(O83*7*6)+(P83*7*2) -> 20506.5 | S83: 3 | T83: 2 | U83: 2 | V83: =SUM(T83:U83) -> 4 | W83: ON GOING | X83: 0 | Y83: 0 | Z83: Café, Quán ăn, siêu chị, ngân hàng | AA83: BVS, Bạo Lực, Kinh Dị | AE83: QUYỀN | AG83: Confirmed | AH83: Confirmed
A84: 35 | B84: AP | C84: =UPPER(SUBSTITUTE(E84, " ", "")) -> ECOHOME1BLOCKE3A | E84: Ecohome 1 Block E3A | G84: Khu đô thị mới Bắc Cổ Nhuế - Chèm | H84: Đông Ngạc | I84: Hà Nội | M84: 12 | N84: 155 | O84: =N84*3 -> 465 | P84: =O84*0.15 -> 69.75 | Q84: =SUM(O84:P84) -> 534.75 | R84: =(O84*7*6)+(P84*7*2) -> 20506.5 | S84: 2 | T84: 1 | U84: 1 | V84: =SUM(T84:U84) -> 2 | W84: ON GOING | X84: 0 | Y84: 0 | Z84: Café, Quán ăn, siêu chị, ngân hàng | AA84: BVS, Bạo Lực, Kinh Dị | AE84: AN | AG84: Confirmed | AH84: Confirmed
A85: 36 | B85: AP | C85: =UPPER(SUBSTITUTE(E85, " ", "")) -> ECOHOME1BLOCKE3B | E85: Ecohome 1 Block E3B | G85: Khu đô thị mới Bắc Cổ Nhuế - Chèm | H85: Đông Ngạc | I85: Hà Nội | M85: 12 | N85: 155 | O85: =N85*3 -> 465 | P85: =O85*0.15 -> 69.75 | Q85: =SUM(O85:P85) -> 534.75 | R85: =(O85*7*6)+(P85*7*2) -> 20506.5 | S85: 2 | T85: 1 | U85: 1 | V85: =SUM(T85:U85) -> 2 | W85: ON GOING | X85: 0 | Y85: 0 | Z85: Café, Quán ăn, siêu chị, ngân hàng | AA85: BVS, Bạo Lực, Kinh Dị | AE85: AN | AG85: Confirmed | AH85: Confirmed
A86: 37 | B86: AP | C86: =UPPER(SUBSTITUTE(E86, " ", "")) -> ECOHOME1BLOCKE4 | E86: Ecohome 1 Block E4 | G86: Khu đô thị mới Bắc Cổ Nhuế - Chèm | H86: Đông Ngạc | I86: Hà Nội | M86: 12 | N86: 155 | O86: =N86*3 -> 465 | P86: =O86*0.15 -> 69.75 | Q86: =SUM(O86:P86) -> 534.75 | R86: =(O86*7*6)+(P86*7*2) -> 20506.5 | S86: 3 | T86: 2 | U86: 2 | V86: =SUM(T86:U86) -> 4 | W86: ON GOING | X86: 0 | Y86: 0 | Z86: Café, Quán ăn, siêu chị, ngân hàng | AA86: BVS, Bạo Lực, Kinh Dị | AE86: AN | AF86: LAN ANH | AG86: Confirmed | AH86: Confirmed
A87: 38 | B87: AP | C87: ECOHOME2BLOCKC1A | E87: Ecohome 2 Block C1A | G87: Khu đô thị mới Bắc Cổ Nhuế - Chèm | H87: Đông Ngạc | I87: Hà Nội | M87: 17 | N87: 245 | O87: =N87*3 -> 735 | P87: =O87*0.15 -> 110.25 | Q87: =SUM(O87:P87) -> 845.25 | R87: =(O87*7*6)+(P87*7*2) -> 32413.5 | S87: 4 | T87: 6 | U87: 4 | V87: =SUM(T87:U87) -> 10 | W87: ON GOING | X87: 0 | Y87: 0 | Z87: Café, Quán ăn, siêu chị, ngân hàng | AA87: BVS, Bạo Lực, Kinh Dị | AE87: AN | AF87: LAN ANH | AG87: Confirmed | AH87: Confirmed
A88: 39 | B88: AP | C88: ECOHOME2BLOCKC1B | E88: Ecohome 2 Block C1B | G88: Khu đô thị mới Bắc Cổ Nhuế - Chèm | H88: Đông Ngạc | I88: Hà Nội | M88: 17 | N88: 245 | O88: =N88*3 -> 735 | P88: =O88*0.15 -> 110.25 | Q88: =SUM(O88:P88) -> 845.25 | R88: =(O88*7*6)+(P88*7*2) -> 32413.5 | S88: 4 | T88: 6 | U88: 4 | V88: =SUM(T88:U88) -> 10 | W88: ON GOING | X88: 0 | Y88: 0 | Z88: Café, Quán ăn, siêu chị, ngân hàng | AA88: BVS, Bạo Lực, Kinh Dị | AE88: QUYỀN | AF88: DUYÊN | AG88: Confirmed | AH88: Edited
A89: 40 | B89: AP | C89: ECOHOME2BLOCKC2A | E89: Ecohome 2 Block C2A | G89: Khu đô thị mới Bắc Cổ Nhuế - Chèm | H89: Đông Ngạc | I89: Hà Nội | M89: 17 | N89: 245 | O89: =N89*3 -> 735 | P89: =O89*0.15 -> 110.25 | Q89: =SUM(O89:P89) -> 845.25 | R89: =(O89*7*6)+(P89*7*2) -> 32413.5 | S89: 4 | T89: 6 | U89: 4 | V89: =SUM(T89:U89) -> 10 | W89: ON GOING | X89: 0 | Y89: 0 | Z89: Café, Quán ăn, siêu chị, ngân hàng | AA89: BVS, Bạo Lực, Kinh Dị | AE89: QUYỀN | AF89: DUYÊN | AG89: Confirmed | AH89: Edited
A90: 41 | B90: AP | C90: ECOHOME2BLOCKC2B | E90: Ecohome 2 Block C2B | G90: Khu đô thị mới Bắc Cổ Nhuế - Chèm | H90: Đông Ngạc | I90: Hà Nội | M90: 17 | N90: 245 | O90: =N90*3 -> 735 | P90: =O90*0.15 -> 110.25 | Q90: =SUM(O90:P90) -> 845.25 | R90: =(O90*7*6)+(P90*7*2) -> 32413.5 | S90: 4 | T90: 6 | U90: 4 | V90: =SUM(T90:U90) -> 10 | W90: ON GOING | X90: 0 | Y90: 0 | Z90: Café, Quán ăn, siêu chị, ngân hàng | AA90: BVS, Bạo Lực, Kinh Dị | AE90: QUYỀN | AF90: DUYÊN | AG90: Confirmed | AH90: Edited
A91: 42 | B91: AP | C91: ECOHOME3BLOCKN02 | E91: Ecohome 3 Block N02 | G91: Khu đô thị mới Bắc Cổ Nhuế - Chèm | H91: Đông Ngạc | I91: Hà Nội | M91: 31 | N91: 728 | O91: =N91*3 -> 2184 | P91: =O91*0.15 -> 327.6 | Q91: =SUM(O91:P91) -> 2511.6 | R91: =(O91*7*6)+(P91*7*2) -> 96314.4 | S91: 8 | T91: 14 | U91: 15 | V91: =SUM(T91:U91) -> 29 | W91: ON GOING | X91: 0 | Y91: 0 | Z91: Café, Quán ăn, siêu chị, ngân hàng | AA91: BVS, Bạo Lực, Kinh Dị | AE91: QUYỀN | AF91: DUYÊN | AG91: Confirmed | AH91: Edited
A92: 43 | B92: AP | C92: ECOHOME3BLOCKN03 | E92: Ecohome 3 Block N03 | G92: Khu đô thị mới Bắc Cổ Nhuế - Chèm | H92: Đông Ngạc | I92: Hà Nội | M92: 31 | N92: 728 | O92: =N92*3 -> 2184 | P92: =O92*0.15 -> 327.6 | Q92: =SUM(O92:P92) -> 2511.6 | R92: =(O92*7*6)+(P92*7*2) -> 96314.4 | S92: 8 | T92: 14 | U92: 15 | V92: =SUM(T92:U92) -> 29 | W92: ON GOING | X92: 0 | Y92: 0 | Z92: Café, Quán ăn, siêu chị, ngân hàng | AA92: BVS, Bạo Lực, Kinh Dị | AE92: ĐỨC | AG92: Confirmed | AH92: Confirmed
A93: 44 | B93: AP | C93: ECOHOMEPHUCLOIBLOCKA | E93: Ecohome Phúc Lợi Block A | G93: Lô Đất CT1, Phúc Lợi | H93: Long Biên | I93: Hà Nội | M93: 22 | N93: 340 | O93: =N93*3 -> 1020 | P93: =O93*0.15 -> 153 | Q93: =SUM(O93:P93) -> 1173 | R93: =(O93*7*6)+(P93*7*2) -> 44982 | S93: 5 | T93: 8 | U93: 7 | V93: =SUM(T93:U93) -> 15 | W93: ON GOING | X93: 0 | Y93: 0 | Z93: Café, Quán ăn, siêu chị, ngân hàng | AA93: BVS, Bạo Lực, Kinh Dị | AE93: ĐỨC | AG93: Confirmed | AH93: Confirmed
A94: 45 | B94: AP | C94: ECOHOMEPHUCLOIBLOCKB | E94: Ecohome Phúc Lợi Block B | G94: Lô Đất CT1, Phúc Lợi | H94: Long Biên | I94: Hà Nội | M94: 22 | N94: 340 | O94: =N94*3 -> 1020 | P94: =O94*0.15 -> 153 | Q94: =SUM(O94:P94) -> 1173 | R94: =(O94*7*6)+(P94*7*2) -> 44982 | S94: 5 | T94: 8 | U94: 7 | V94: =SUM(T94:U94) -> 15 | W94: ON GOING | X94: 0 | Y94: 0 | Z94: Café, Quán ăn, siêu chị, ngân hàng | AA94: BVS, Bạo Lực, Kinh Dị | AE94: ĐỨC | AG94: Edited | AH94: Confirmed
A95: 46 | B95: AP | C95: CT3CONHUEBLOCKCT3A | E95: CT3 Cổ Nhuế Block CT3A | G95: Khu đô thị Nam Cường | H95: Từ Liêm | I95: Hà Nội | M95: 17 | N95: 152 | O95: =N95*3 -> 456 | P95: =O95*0.15 -> 68.4 | Q95: =SUM(O95:P95) -> 524.4 | R95: =(O95*7*6)+(P95*7*2) -> 20109.6 | S95: 3 | T95: 4 | U95: 6 | V95: =SUM(T95:U95) -> 10 | W95: ON GOING | X95: 0 | Y95: 0 | Z95: Café, Quán ăn, siêu chị, ngân hàng | AA95: BVS, Bạo Lực, Kinh Dị | AE95: ĐỨC | AG95: Edited | AH95: Confirmed
A96: 47 | B96: AP | C96: CT3CONHUEBLOCKCT3B | E96: CT3 Cổ Nhuế Block CT3B | G96: Khu đô thị Nam Cường | H96: Từ Liêm | I96: Hà Nội | M96: 21 | N96: 189 | O96: =N96*3 -> 567 | P96: =O96*0.15 -> 85.05 | Q96: =SUM(O96:P96) -> 652.05 | R96: =(O96*7*6)+(P96*7*2) -> 25004.7 | S96: 4 | T96: 6 | U96: 6 | V96: =SUM(T96:U96) -> 12 | W96: ON GOING | X96: 0 | Y96: 0 | Z96: Café, Quán ăn, siêu chị, ngân hàng | AA96: BVS, Bạo Lực, Kinh Dị | AE96: ĐỨC | AG96: Edited | AH96: Confirmed
A97: 48 | B97: AP | C97: CT3CONHUEBLOCKCT3C | E97: CT3 Cổ Nhuế Block CT3C | G97: Khu đô thị Nam Cường | H97: Từ Liêm | I97: Hà Nội | M97: 19 | N97: 114 | O97: =N97*3 -> 342 | P97: =O97*0.15 -> 51.3 | Q97: =SUM(O97:P97) -> 393.3 | R97: =(O97*7*6)+(P97*7*2) -> 15082.2 | S97: 3 | T97: 4 | U97: 6 | V97: =SUM(T97:U97) -> 10 | W97: ON GOING | X97: 0 | Y97: 0 | Z97: Café, Quán ăn, siêu chị, ngân hàng | AA97: BVS, Bạo Lực, Kinh Dị | AE97: AN | AF97: DUYÊN | AG97: Confirmed | AH97: Confirmed
A98: 49 | B98: AP | C98: CT3CONHUEBLOCKCT3D | E98: CT3 Cổ Nhuế Block CT3D | G98: Khu đô thị Nam Cường | H98: Từ Liêm | I98: Hà Nội | M98: 17 | N98: 136 | O98: =N98*3 -> 408 | P98: =O98*0.15 -> 61.2 | Q98: =SUM(O98:P98) -> 469.2 | R98: =(O98*7*6)+(P98*7*2) -> 17992.8 | S98: 3 | T98: 4 | U98: 6 | V98: =SUM(T98:U98) -> 10 | W98: ON GOING | X98: 0 | Y98: 0 | Z98: Café, Quán ăn, siêu chị, ngân hàng | AA98: BVS, Bạo Lực, Kinh Dị | AE98: AN | AF98: DUYÊN | AG98: Confirmed | AH98: Confirmed
A99: 50 | B99: AP | C99: =UPPER(SUBSTITUTE(E99, " ", "")) -> PHOENIXTOWERBLOCKA | E99: Phoenix Tower Block A | G99: 25 Lý Thái Tổ | H99: Võ Cường | I99: Bắc Ninh | M99: 25 | N99: 175 | O99: =N99*3 -> 525 | P99: =O99*0.15 -> 78.75 | Q99: =SUM(O99:P99) -> 603.75 | R99: =(O99*7*6)+(P99*7*2) -> 23152.5 | S99: 3 | T99: 2 | U99: 6 | V99: =SUM(T99:U99) -> 8 | W99: ON GOING | X99: 0 | Y99: 0 | Z99: Café, Quán ăn, siêu chị, ngân hàng | AA99: BVS, Bạo Lực, Kinh Dị | AE99: AN | AF99: DUYÊN | AG99: Confirmed | AH99: Confirmed
A100: 51 | B100: AP | C100: =UPPER(SUBSTITUTE(E100, " ", "")) -> PHOENIXTOWERBLOCKB | E100: Phoenix Tower Block B | G100: 25 Lý Thái Tổ | H100: Võ Cường | I100: Bắc Ninh | M100: 25 | N100: 175 | O100: =N100*3 -> 525 | P100: =O100*0.15 -> 78.75 | Q100: =SUM(O100:P100) -> 603.75 | R100: =(O100*7*6)+(P100*7*2) -> 23152.5 | S100: 3 | T100: 2 | U100: 6 | V100: =SUM(T100:U100) -> 8 | W100: ON GOING | X100: 0 | Y100: 0 | Z100: Café, Quán ăn, siêu chị, ngân hàng | AA100: BVS, Bạo Lực, Kinh Dị | AE100: AN | AF100: DUYÊN | AG100: Confirmed | AH100: Confirmed
A101: 52 | B101: AP | C101: VINHOMESBACNINHBLOCKSA | E101: Vinhomes Bắc Ninh Block SA | G101: 1 Trần Hưng Đạo | H101: Suối Hoa | I101: Bắc Ninh | M101: 31 | N101: 189 | O101: =N101*3 -> 567 | P101: =O101*0.15 -> 85.05 | Q101: =SUM(O101:P101) -> 652.05 | R101: =(O101*7*6)+(P101*7*2) -> 25004.7 | S101: 4 | T101: 6 | U101: 9 | V101: =SUM(T101:U101) -> 15 | W101: ON GOING | X101: 4 | Y101: 12 | Z101: Café, Quán ăn, siêu chị, ngân hàng | AA101: BVS, Bạo Lực, Kinh Dị | AE101: AN | AF101: DUYÊN | AG101: Confirmed | AH101: Confirmed
...

Sheet Summary 
A1: TOTAL ON AIR
A2: Hệ thống | B2: Khu vực | C2: Số lượng toà nhà | D2: Traffic | E2: Số lượng thang máy | F2: DP (Digital Poster Inside Elevator) | G2: DP/LCD (Digital Poster Outside) | H2: GP (Giant Poster inside) | I2: GP (Giant Poster outside) | J2: Total | K2: Tỷ lệ (%)
A3: Digital Building | B3: Hồ Chí Minh | C3: ='List sale_DIGITAL BUILDING'!A47 -> 25 | D3: ='List sale_DIGITAL BUILDING'!Q47 -> 16311.6 | E3: ='List sale_DIGITAL BUILDING'!S47 -> 99 | F3: ='List sale_DIGITAL BUILDING'!T47 -> 138 | G3: ='List sale_DIGITAL BUILDING'!U47 -> 141 | H3: ='List sale_DIGITAL BUILDING'!X47 -> 6 | I3: ='List sale_DIGITAL BUILDING'!Y47 -> 58 | J3: =SUM(F3:G3) -> 279 | K3: =J3/J6 -> 0.38482759
B4: Hà Nội | C4: ='List sale_DIGITAL BUILDING'!A124 -> 24 | D4: ='List sale_DIGITAL BUILDING'!Q124 -> 24860.7 | E4: ='List sale_DIGITAL BUILDING'!S124 -> 98 | F4: ='List sale_DIGITAL BUILDING'!T124 -> 163 | G4: ='List sale_DIGITAL BUILDING'!U124 -> 81 | H4: ='List sale_DIGITAL BUILDING'!X124 -> 33 | I4: ='List sale_DIGITAL BUILDING'!Y124 -> 95 | J4: =SUM(F4:G4) -> 244 | K4: =J4/J6 -> 0.33655172
B5: Đà Nẵng | C5: ='List sale_DIGITAL BUILDING'!A127 -> 1 | D5: ='List sale_DIGITAL BUILDING'!Q127 -> 1000 | E5: ='List sale_DIGITAL BUILDING'!S127 -> 3 | F5: ='List sale_DIGITAL BUILDING'!T127 -> 6 | G5: ='List sale_DIGITAL BUILDING'!U127 -> 4 | H5: ='List sale_DIGITAL BUILDING'!X127 -> 0 | I5: ='List sale_DIGITAL BUILDING'!Y127 -> 0 | J5: =SUM(F5:G5) -> 10 | K5: =J5/J6 -> 0.013793103
A6: Total Nationwide | C6: =SUM(C3:C5) -> 50 | D6: =SUM(D3:D5) -> 42172.3 | E6: =SUM(E3:E5) -> 200 | F6: =SUM(F3:F5) -> 307 | G6: =SUM(G3:G5) -> 226 | H6: =SUM(H3:H5) -> 39 | I6: =SUM(I3:I5) -> 153 | J6: =SUM(F6:I6) -> 725 | K6: =SUM(K3:K5) -> 0.73517241
A7: TOTAL ON GOING
A8: Hệ thống | B8: Khu vực | C8: Số lượng toà nhà | D8: Traffic | E8: Số lượng thang máy | F8: DP (Digital Poster Inside Elevator) | G8: DP/LCD (Digital Poster Outside) | H8: GP (Giant Poster inside) | I8: GP (Giant Poster outside) | J8: Total | K8: Tỷ lệ (%)
A9: Digital Building | B9: Hồ Chí Minh | C9: ='List sale_DIGITAL BUILDING'!A48 -> 17 | D9: ='List sale_DIGITAL BUILDING'!O48 -> 19836 | E9: ='List sale_DIGITAL BUILDING'!S48 -> 54 | F9: ='List sale_DIGITAL BUILDING'!T48 -> 84 | G9: ='List sale_DIGITAL BUILDING'!U48 -> 93 | H9: ='List sale_DIGITAL BUILDING'!X48 -> 10 | I9: ='List sale_DIGITAL BUILDING'!Y48 -> 10 | J9: =SUM(F9:G9) -> 177 | K9: =J9/J12 -> 0.21532847
B10: Hà Nội | C10: ='List sale_DIGITAL BUILDING'!A125 -> 23 | D10: ='List sale_DIGITAL BUILDING'!O125 -> 37620 | E10: ='List sale_DIGITAL BUILDING'!S125 -> 204 | F10: ='List sale_DIGITAL BUILDING'!T125 -> 284 | G10: ='List sale_DIGITAL BUILDING'!U125 -> 305 | H10: ='List sale_DIGITAL BUILDING'!X125 -> 9 | I10: ='List sale_DIGITAL BUILDING'!Y125 -> 27 | J10: =SUM(F10:G10) -> 589 | K10: =J10/J12 -> 0.71654501
B11: Đà Nẵng | C11: ='List sale_DIGITAL BUILDING'!A128 -> 0 | D11: ='List sale_DIGITAL BUILDING'!O128 -> 0 | E11: ='List sale_DIGITAL BUILDING'!S128 -> 0 | F11: ='List sale_DIGITAL BUILDING'!T128 -> 0 | G11: ='List sale_DIGITAL BUILDING'!U128 -> 0 | H11: ='List sale_DIGITAL BUILDING'!X128 -> 0 | I11: ='List sale_DIGITAL BUILDING'!Y128 -> 0 | J11: =SUM(F11:G11) -> 0 | K11: =J11/J12 -> 0
A12: Total Nationwide | C12: =SUM(C9:C11) -> 40 | D12: =SUM(D9:D11) -> 57456 | E12: =SUM(E9:E11) -> 258 | F12: =SUM(F9:F11) -> 368 | G12: =SUM(G9:G11) -> 398 | H12: =SUM(H9:H11) -> 19 | I12: =SUM(I9:I11) -> 37 | J12: =SUM(F12:I12) -> 822 | K12: =SUM(K9:K11) -> 0.93187348

Sheet Hướng dẫn note màu 
A3: Chữ đỏ | B3: Có Dán GP
A4: Tô cam | B4: Màn hình on air
A5: Tô nhạt | B5: Màn hình on going
A6: Tô xám: | B6: Tạm ngưng khai thác
A7: Tô xanh lá: | B7: Trường khai thác mới
A8: Tô vàng: | B8: Có điều chỉnh thông tin
A9: Tô cam: | B9: Decal trong
